method_name,stage,predictor,tpr_hurt,tpr_benefit,acc,auc,gamma,gamma_p,rho,rho_p,n_queries,n_hurt,n_benefit,timestamp,h_pred
Pairwise-Qwen-7B-DCG,posthoc,pairwise Qwen2.5-7B-Instruct DCG,0.1429,0.8333,0.4615,0.4821,-0.0349,0.814,0.0229,0.8872,26,14,12,2026-02-27T19:54:27.545885+00:00,0.0211
Pairwise-Qwen-7B-MRR,posthoc,pairwise Qwen2.5-7B-Instruct MRR,0.1429,0.8333,0.4615,0.5089,-0.0129,0.9334,0.0433,0.7882,26,14,12,2026-02-27T19:54:30.470992+00:00,0.0361
Pairwise-Qwen-7B-Majority@k,posthoc,pairwise Qwen2.5-7B-Instruct Majority@k,0.1429,0.5833,0.3462,0.4821,-0.0501,0.8034,0.0187,0.9075,26,14,12,2026-02-27T19:54:33.375289+00:00,0.125
Pairwise-Qwen-14B-DCG,posthoc,pairwise Qwen2.5-14B-Instruct DCG,0.2857,0.4167,0.3462,0.7857,0.325,0.032,0.3853,0.0129,26,14,12,2026-02-27T20:03:56.477872+00:00,0.0702
Pairwise-Qwen-14B-MRR,posthoc,pairwise Qwen2.5-14B-Instruct MRR,0.2857,0.4167,0.3462,0.8095,0.3573,0.0184,0.4068,0.0083,26,14,12,2026-02-27T20:03:59.498864+00:00,0.1492
Pairwise-Qwen-14B-Majority@k,posthoc,pairwise Qwen2.5-14B-Instruct Majority@k,0.5,0.5833,0.5385,0.8185,0.565,0.002,0.5219,0.0005,26,14,12,2026-02-27T20:04:02.402964+00:00,0.2083
Setwise-Qwen-7B-DCG,posthoc,setwise Qwen2.5-7B-Instruct DCG,0.5,0.4167,0.4615,0.7976,0.4363,0.0044,0.3952,0.0105,26,14,12,2026-02-27T20:07:10.096695+00:00,0.0687
Setwise-Qwen-7B-MRR,posthoc,setwise Qwen2.5-7B-Instruct MRR,0.5,0.4167,0.4615,0.7976,0.4444,0.0034,0.4015,0.0093,26,14,12,2026-02-27T20:07:14.710513+00:00,0.1481
Setwise-Qwen-7B-Majority@k,posthoc,setwise Qwen2.5-7B-Instruct Majority@k,0.2857,0.5,0.3846,0.6518,0.3508,0.0406,0.2756,0.0852,26,14,12,2026-02-27T20:07:17.637506+00:00,0.25
Setwise-Qwen-14B-DCG,posthoc,setwise Qwen2.5-14B-Instruct DCG,0.4286,0.1667,0.3077,0.7083,0.276,0.0678,0.377,0.0151,26,14,12,2026-02-27T20:29:50.679603+00:00,0.0743
Setwise-Qwen-14B-MRR,posthoc,setwise Qwen2.5-14B-Instruct MRR,0.5,0.1667,0.3462,0.7143,0.3011,0.045,0.3973,0.0101,26,14,12,2026-02-27T20:29:53.857551+00:00,0.1427
Setwise-Qwen-14B-Majority@k,posthoc,setwise Qwen2.5-14B-Instruct Majority@k,0.5,0.4167,0.4615,0.756,0.5169,0.0026,0.4778,0.0016,26,14,12,2026-02-27T20:29:56.979401+00:00,0.25
Setwise-R1-7B-DCG,posthoc,setwise Qwen2.5-7B-Instruct DCG,0.4286,0.25,0.3462,0.75,0.3692,0.0158,0.4145,0.0071,26,14,12,2026-02-27T20:52:41.480362+00:00,0.0732
Setwise-R1-7B-MRR,posthoc,setwise Qwen2.5-7B-Instruct MRR,0.4286,0.25,0.3462,0.744,0.3788,0.0114,0.4247,0.0056,26,14,12,2026-02-27T20:52:44.610188+00:00,0.144
Setwise-R1-7B-Majority@k,posthoc,setwise Qwen2.5-7B-Instruct Majority@k,0.5714,0.5,0.5385,0.8036,0.5207,0.0034,0.5092,0.0007,26,14,12,2026-02-27T20:52:47.739863+00:00,0.2083
Setwise-R1-14B-DCG,posthoc,setwise Qwen2.5-14B-Instruct DCG,0.2857,0.1667,0.2308,0.8512,0.4158,0.0066,0.4749,0.0017,26,14,12,2026-02-27T21:43:34.733105+00:00,0.0863
Setwise-R1-14B-MRR,posthoc,setwise Qwen2.5-14B-Instruct MRR,0.3571,0.1667,0.2692,0.875,0.4399,0.0042,0.5029,0.0008,26,14,12,2026-02-27T21:43:40.842283+00:00,0.1667
Setwise-R1-14B-Majority@k,posthoc,setwise Qwen2.5-14B-Instruct Majority@k,0.5,0.5,0.5,0.8363,0.5732,0.0008,0.5113,0.0006,26,14,12,2026-02-27T21:43:44.536647+00:00,0.3333
Setwise-SFT-7B-DCG,posthoc,setwise Qwen2.5-7B-Instruct DCG,0.5714,0.1667,0.3846,0.8988,0.4659,0.002,0.4724,0.0018,26,14,12,2026-02-27T21:49:33.065724+00:00,0.0614
Setwise-SFT-7B-MRR,posthoc,setwise Qwen2.5-7B-Instruct MRR,0.5714,0.1667,0.3846,0.8988,0.4803,0.0012,0.4829,0.0014,26,14,12,2026-02-27T21:49:36.350618+00:00,0.1288
Setwise-SFT-7B-Majority@k,posthoc,setwise Qwen2.5-7B-Instruct Majority@k,0.6429,0.3333,0.5,0.7649,0.601,0.001,0.5213,0.0007,26,14,12,2026-02-27T21:49:40.436548+00:00,0.25
Setwise-SFT-14B-DCG,posthoc,setwise Qwen2.5-14B-Instruct DCG,0.6429,0.25,0.4615,0.7887,0.3178,0.0298,0.3722,0.0166,26,14,12,2026-02-27T22:32:40.800440+00:00,0.0477
Setwise-SFT-14B-MRR,posthoc,setwise Qwen2.5-14B-Instruct MRR,0.6429,0.1667,0.4231,0.7946,0.3429,0.0196,0.3922,0.0112,26,14,12,2026-02-27T22:32:43.755405+00:00,0.0994
Setwise-SFT-14B-Majority@k,posthoc,setwise Qwen2.5-14B-Instruct Majority@k,0.6429,0.4167,0.5385,0.7649,0.5737,0.0006,0.5025,0.001,26,14,12,2026-02-27T22:32:46.619681+00:00,0.3333
SC-Pairwise-Qwen-7B-DCG,posthoc-sc,SC pairwise Qwen2.5-7B-Instruct DCG,0.1429,0.6667,0.3846,0.4554,-0.0903,0.5527,-0.0194,0.904,26,14,12,2026-02-27T22:55:20.847652+00:00,0.0226
SC-Pairwise-Qwen-7B-MRR,posthoc-sc,SC pairwise Qwen2.5-7B-Instruct MRR,0.1429,0.6667,0.3846,0.4851,-0.0542,0.7219,0.02,0.901,26,14,12,2026-02-27T22:55:24.160544+00:00,0.0386
SC-Pairwise-Qwen-7B-Majority@k,posthoc-sc,SC pairwise Qwen2.5-7B-Instruct Majority@k,0.1429,0.5,0.3077,0.4881,-0.0312,0.8582,0.0526,0.744,26,14,12,2026-02-27T22:55:27.186009+00:00,0.1
SC-Pairwise-Qwen-14B-DCG,posthoc-sc,SC pairwise Qwen2.5-14B-Instruct DCG,0.2857,0.5,0.3846,0.7917,0.3728,0.014,0.4286,0.0052,26,14,12,2026-02-27T23:12:25.747070+00:00,0.0605
SC-Pairwise-Qwen-14B-MRR,posthoc-sc,SC pairwise Qwen2.5-14B-Instruct MRR,0.2857,0.5,0.3846,0.8095,0.405,0.0078,0.454,0.0029,26,14,12,2026-02-27T23:12:28.544621+00:00,0.1232
SC-Pairwise-Qwen-14B-Majority@k,posthoc-sc,SC pairwise Qwen2.5-14B-Instruct Majority@k,0.5,0.5833,0.5385,0.8482,0.5992,0.0006,0.5857,0.0001,26,14,12,2026-02-27T23:12:31.481252+00:00,0.2167
SC-Setwise-Qwen-7B-DCG,posthoc-sc,SC setwise Qwen2.5-7B-Instruct DCG,0.4286,0.5,0.4615,0.8214,0.4659,0.0026,0.4643,0.0022,26,14,12,2026-02-27T23:20:36.084434+00:00,0.0702
SC-Setwise-Qwen-7B-MRR,posthoc-sc,SC setwise Qwen2.5-7B-Instruct MRR,0.5,0.5833,0.5385,0.8274,0.4659,0.0028,0.4774,0.0016,26,14,12,2026-02-27T23:20:39.155337+00:00,0.1366
SC-Setwise-Qwen-7B-Majority@k,posthoc-sc,SC setwise Qwen2.5-7B-Instruct Majority@k,0.3571,0.5,0.4231,0.8155,0.4469,0.0036,0.4473,0.0034,26,14,12,2026-02-27T23:20:41.971774+00:00,0.2167
SC-Setwise-Qwen-14B-DCG,posthoc-sc,SC setwise Qwen2.5-14B-Instruct DCG,0.5,0.5,0.5,0.8036,0.405,0.0054,0.4651,0.0022,26,14,12,2026-02-27T23:35:55.569803+00:00,0.0586
SC-Setwise-Qwen-14B-MRR,posthoc-sc,SC setwise Qwen2.5-14B-Instruct MRR,0.5,0.5,0.5,0.8036,0.4337,0.0038,0.4826,0.0014,26,14,12,2026-02-27T23:35:58.570523+00:00,0.1103
SC-Setwise-Qwen-14B-Majority@k,posthoc-sc,SC setwise Qwen2.5-14B-Instruct Majority@k,0.5714,0.5,0.5385,0.7976,0.4863,0.0008,0.4801,0.0015,26,14,12,2026-02-27T23:36:01.558100+00:00,0.2167
SC-Setwise-R1-7B-DCG,posthoc-sc,SC setwise Qwen2.5-7B-Instruct DCG,0.5,0.4167,0.4615,0.8214,0.4158,0.0054,0.4637,0.0023,26,14,12,2026-02-28T02:50:34.081868+00:00,0.0598
SC-Setwise-R1-7B-MRR,posthoc-sc,SC setwise Qwen2.5-7B-Instruct MRR,0.6429,0.4167,0.5385,0.8393,0.4444,0.0028,0.489,0.0012,26,14,12,2026-02-28T02:50:36.950707+00:00,0.1173
SC-Setwise-R1-7B-Majority@k,posthoc-sc,SC setwise Qwen2.5-7B-Instruct Majority@k,0.5714,0.5833,0.5769,0.8214,0.5018,0.0012,0.5036,0.0008,26,14,12,2026-02-28T02:50:39.920985+00:00,0.1917
SC-Setwise-R1-14B-DCG,posthoc-sc,SC setwise Qwen2.5-14B-Instruct DCG,0.5,0.0833,0.3077,0.8512,0.4444,0.0026,0.5149,0.0006,26,14,12,2026-02-28T09:07:23.655692+00:00,0.0738
SC-Setwise-R1-14B-MRR,posthoc-sc,SC setwise Qwen2.5-14B-Instruct MRR,0.5,0.25,0.3846,0.8452,0.4659,0.0016,0.5222,0.0005,26,14,12,2026-02-28T09:07:26.360224+00:00,0.1446
SC-Setwise-R1-14B-Majority@k,posthoc-sc,SC setwise Qwen2.5-14B-Instruct Majority@k,0.5714,0.5833,0.5769,0.8363,0.585,0.0002,0.5642,0.0001,26,14,12,2026-02-28T09:07:29.266363+00:00,0.2667
SC-Setwise-SFT-7B-DCG,posthoc-sc,SC setwise Qwen2.5-7B-Instruct DCG,0.6429,0.1667,0.4231,0.7857,0.3548,0.019,0.4279,0.0053,26,14,12,2026-02-28T09:21:58.094532+00:00,0.0399
SC-Setwise-SFT-7B-MRR,posthoc-sc,SC setwise Qwen2.5-7B-Instruct MRR,0.6429,0.1667,0.4231,0.7976,0.3584,0.019,0.4361,0.0044,26,14,12,2026-02-28T09:22:01.175860+00:00,0.0792
SC-Setwise-SFT-7B-Majority@k,posthoc-sc,SC setwise Qwen2.5-7B-Instruct Majority@k,0.7143,0.5,0.6154,0.9167,0.6654,0.0002,0.6441,0.0,26,14,12,2026-02-28T09:22:04.346673+00:00,0.15
NED,prehoc,Named Entity Density,0.9286,0.0,0.5,0.5476,0.1094,0.6597,0.1622,0.3111,26,14,12,2026-02-28T12:21:29.315736+00:00,N/A
IDF-Coverage,prehoc,IDF Coverage,0.0,1.0,0.4615,0.6071,0.0824,0.5977,0.1702,0.2872,26,14,12,2026-02-28T12:21:38.721763+00:00,N/A
QTC,prehoc,Query Term Coherence,1.0,0.0,0.5385,0.4048,-0.1219,0.4177,-0.2034,0.202,26,14,12,2026-02-28T12:21:47.294530+00:00,N/A
WIG,qpp,QPP-WIG,0.0,1.0,0.4615,0.5893,0.1326,0.3913,0.1878,0.2398,26,14,12,2026-02-28T12:21:52.207396+00:00,N/A
NQC,qpp,QPP-NQC,1.0,0.0,0.5385,0.4762,-0.043,0.7856,-0.0787,0.6249,26,14,12,2026-02-28T12:21:55.193078+00:00,N/A
Clarity,qpp,QPP-Clarity,0.4286,0.25,0.3462,0.4583,-0.043,0.7872,-0.0218,0.8925,26,14,12,2026-02-28T12:21:58.343021+00:00,N/A
SMV,qpp,QPP-SMV,0.0,1.0,0.4615,0.5298,0.0789,0.6029,0.1235,0.4416,26,14,12,2026-02-28T12:22:01.283626+00:00,N/A
TDC,prehoc,Top-k Doc Coherence,0.2143,0.75,0.4615,0.5833,0.1541,0.3219,0.1648,0.3033,26,14,12,2026-02-28T12:22:12.165869+00:00,N/A
SC-Setwise-SFT-14B-DCG,posthoc-sc,SC setwise Qwen2.5-14B-Instruct DCG,0.6429,0.3333,0.5,0.8155,0.4624,0.0024,0.453,0.0029,26,14,12,2026-02-28T12:34:09.498147+00:00,0.0547
SC-Setwise-SFT-14B-MRR,posthoc-sc,SC setwise Qwen2.5-14B-Instruct MRR,0.6429,0.3333,0.5,0.8155,0.4875,0.001,0.4797,0.0015,26,14,12,2026-02-28T12:34:12.430779+00:00,0.1039
SC-Setwise-SFT-14B-Majority@k,posthoc-sc,SC setwise Qwen2.5-14B-Instruct Majority@k,0.6429,0.4167,0.5385,0.8155,0.5365,0.0004,0.4913,0.0011,26,14,12,2026-02-28T12:34:15.379012+00:00,0.1458
Pairwise-Qwen-72B-DCG,posthoc,Qwen-72B pairwise DCG,0.3571,0.5833,0.4615,0.8095,0.3763,0.0108,0.4003,0.0095,26,14,12,2026-02-28T13:07:03.613263+00:00,0.0615
Pairwise-Qwen-72B-MRR,posthoc,Qwen-72B pairwise MRR,0.3571,0.5833,0.4615,0.8155,0.4122,0.0052,0.4347,0.0045,26,14,12,2026-02-28T13:07:06.442618+00:00,0.1269
Pairwise-Qwen-72B-Majority@k,posthoc,Qwen-72B pairwise Majority@k,0.6429,0.5833,0.6154,0.875,0.649,0.0002,0.5538,0.0002,26,14,12,2026-02-28T13:07:09.334268+00:00,0.1667
Setwise-Qwen-72B-DCG,posthoc,Qwen-72B setwise DCG,0.2857,0.5,0.3846,0.756,0.3943,0.0064,0.399,0.0098,26,14,12,2026-02-28T13:14:22.369644+00:00,0.0487
Setwise-Qwen-72B-MRR,posthoc,Qwen-72B setwise MRR,0.2857,0.5833,0.4231,0.7619,0.4086,0.005,0.4081,0.0081,26,14,12,2026-02-28T13:14:25.441973+00:00,0.0986
Setwise-Qwen-72B-Majority@k,posthoc,Qwen-72B setwise Majority@k,0.5,0.5,0.5,0.7738,0.6442,0.0008,0.5928,0.0001,26,14,12,2026-02-28T13:14:28.258288+00:00,0.1667
R1-7b-DCG,posthoc,Rank-R1 7b DCG,0.5714,0.3333,0.4615,0.8274,0.4506,0.0028,0.4746,0.0017,26,14,12,2026-02-28T15:15:23.898030+00:00,
SC-Pairwise-Qwen-72B-DCG,posthoc-sc,SC Qwen-72B pairwise DCG,0.3571,0.5833,0.4615,0.7857,0.3871,0.0086,0.4139,0.0071,26,14,12,2026-02-28T15:41:06.712686+00:00,0.0585
SC-Pairwise-Qwen-72B-MRR,posthoc-sc,SC Qwen-72B pairwise MRR,0.3571,0.5833,0.4615,0.7976,0.4194,0.005,0.4391,0.0041,26,14,12,2026-02-28T15:41:09.958543+00:00,0.1109
SC-Pairwise-Qwen-72B-Majority@k,posthoc-sc,SC Qwen-72B pairwise Majority@k,0.5714,0.5833,0.5769,0.875,0.6132,0.0002,0.5704,0.0001,26,14,12,2026-02-28T15:41:12.927869+00:00,0.1667
SC-Setwise-Qwen-72B-DCG,posthoc-sc,SC Qwen-72B setwise DCG,0.3571,0.5833,0.4615,0.744,0.3728,0.0086,0.3634,0.0195,26,14,12,2026-02-28T16:17:25.947616+00:00,0.0441
SC-Setwise-Qwen-72B-MRR,posthoc-sc,SC Qwen-72B setwise MRR,0.4286,0.5833,0.5,0.7619,0.4014,0.0058,0.3852,0.0129,26,14,12,2026-02-28T16:17:28.943957+00:00,0.0919
SC-Setwise-Qwen-72B-Majority@k,posthoc-sc,SC Qwen-72B setwise Majority@k,0.5,0.5,0.5,0.7321,0.4979,0.0018,0.4771,0.0019,26,14,12,2026-02-28T16:17:31.748602+00:00,0.2
R1-14b-DCG,posthoc,Rank-R1 14b DCG,0.5714,0.25,0.4231,0.8512,0.3584,0.0156,0.4295,0.0051,26,14,12,2026-02-28T16:31:44.907022+00:00,
R1-7b-sft-DCG,posthoc,Rank-R1 7b-sft DCG,0.5,0.25,0.3846,0.8095,0.3369,0.022,0.4072,0.0082,26,14,12,2026-02-28T17:00:58.595435+00:00,
R1-14b-sft-DCG,posthoc,Rank-R1 14b-sft DCG,0.5714,0.3333,0.4615,0.7917,0.3645,0.0136,0.4039,0.0088,26,14,12,2026-02-28T18:12:31.658937+00:00,
DR-R1-7b,posthoc,DR ensemble R1-7b,1.0,0.0,0.5385,0.8274,0.4506,0.0028,0.4746,0.0017,26,14,12,2026-02-28T18:14:09.339833+00:00,
DR-R1-14b,posthoc,DR ensemble R1-14b,1.0,0.0,0.5385,0.8393,0.3548,0.017,0.4245,0.0057,26,14,12,2026-02-28T18:14:12.306813+00:00,
DR-R1-7b-sft,posthoc,DR ensemble R1-7b-sft,1.0,0.0,0.5385,0.8036,0.3333,0.0238,0.4017,0.0092,26,14,12,2026-02-28T18:14:15.154520+00:00,
DR-R1-14b-sft,posthoc,DR ensemble R1-14b-sft,1.0,0.0,0.5385,0.7917,0.3645,0.0136,0.4035,0.0089,26,14,12,2026-02-28T18:14:18.096903+00:00,
SC-Mean-Pairwise-72B,posthoc-sc,Self-Consistency SC-Mean-Pairwise-72B,0.2857,0.5833,0.4231,0.7798,0.3692,0.0128,0.3954,0.0105,26,14,12,2026-02-28T19:02:45.185618+00:00,
SC-SNR-Pairwise-72B,posthoc-sc,Self-Consistency SC-SNR-Pairwise-72B,0.2857,0.6667,0.4615,0.4345,-0.0951,0.5515,-0.1441,0.3689,26,14,12,2026-02-28T19:02:48.178984+00:00,
SC-DR-Pairwise-72B,posthoc-sc,Self-Consistency SC-DR-Pairwise-72B,0.2857,0.5833,0.4231,0.7798,0.3799,0.0106,0.3959,0.0104,26,14,12,2026-02-28T19:02:50.909988+00:00,
SC-Mean-Setwise-72B,posthoc-sc,Self-Consistency SC-Mean-Setwise-72B,0.2857,0.4167,0.3462,0.7381,0.3692,0.01,0.3655,0.0188,26,14,12,2026-02-28T19:25:45.397764+00:00,
SC-SNR-Setwise-72B,posthoc-sc,Self-Consistency SC-SNR-Setwise-72B,0.2143,0.75,0.4615,0.4732,-0.0674,0.6793,-0.0559,0.7287,26,14,12,2026-02-28T19:25:48.179042+00:00,
SC-DR-Setwise-72B,posthoc-sc,Self-Consistency SC-DR-Setwise-72B,0.2857,0.3333,0.3077,0.7321,0.3441,0.0182,0.334,0.0328,26,14,12,2026-02-28T19:25:51.102112+00:00,
Pairwise-Qwen3-8B-DCG,posthoc,pairwise Qwen3-8B DCG,0.4286,0.6667,0.5385,0.8393,0.4794,0.0014,0.4642,0.0022,26,14,12,2026-03-06T13:03:53.386136+00:00,0.0421
Pairwise-Qwen3-8B-MRR,posthoc,pairwise Qwen3-8B MRR,0.4286,0.6667,0.5385,0.8274,0.4856,0.0016,0.4572,0.0027,26,14,12,2026-03-06T13:03:57.556040+00:00,0.0922
Pairwise-Qwen3-8B-Majority@k,posthoc,pairwise Qwen3-8B Majority@k,0.2143,0.5,0.3462,0.7113,0.5022,0.005,0.4017,0.0102,26,14,12,2026-03-06T13:04:00.523985+00:00,0.1667
Pairwise-Qwen3-14B-DCG,posthoc,pairwise Qwen3-14B DCG,0.1429,0.8333,0.4615,0.4821,-0.0422,0.7826,0.0136,0.9327,26,14,12,2026-03-06T13:12:31.611043+00:00,0.0176
Pairwise-Qwen3-14B-MRR,posthoc,pairwise Qwen3-14B MRR,0.1429,0.8333,0.4615,0.5089,-0.0166,0.9186,0.0359,0.8234,26,14,12,2026-03-06T13:12:34.873928+00:00,0.0309
Pairwise-Qwen3-14B-Majority@k,posthoc,pairwise Qwen3-14B Majority@k,0.0714,0.5833,0.3077,0.4673,-0.0847,0.6817,-0.0115,0.9432,26,14,12,2026-03-06T13:12:37.818351+00:00,0.125
Setwise-Qwen3-8B-DCG,posthoc,setwise Qwen3-8B DCG,0.5,0.4167,0.4615,0.869,0.4695,0.0014,0.489,0.0012,26,14,12,2026-03-06T13:43:30.480037+00:00,0.0638
Setwise-Qwen3-8B-MRR,posthoc,setwise Qwen3-8B MRR,0.5,0.4167,0.4615,0.869,0.4982,0.0012,0.5099,0.0007,26,14,12,2026-03-06T13:43:33.483244+00:00,0.1358
Setwise-Qwen3-8B-Majority@k,posthoc,setwise Qwen3-8B Majority@k,0.4286,0.5,0.4615,0.7827,0.5212,0.0022,0.5215,0.0005,26,14,12,2026-03-06T13:43:36.510798+00:00,0.1667
Setwise-Qwen3-14B-DCG,posthoc,setwise Qwen3-14B DCG,0.4286,0.25,0.3462,0.8988,0.4982,0.001,0.5112,0.0006,26,14,12,2026-03-06T13:47:03.566561+00:00,0.0871
Setwise-Qwen3-14B-MRR,posthoc,setwise Qwen3-14B MRR,0.3571,0.25,0.3077,0.8988,0.5117,0.0006,0.5248,0.0004,26,14,12,2026-03-06T13:47:06.578177+00:00,0.1789
Setwise-Qwen3-14B-Majority@k,posthoc,setwise Qwen3-14B Majority@k,0.6429,0.4167,0.5385,0.8185,0.5886,0.001,0.4838,0.0014,26,14,12,2026-03-06T13:47:09.565606+00:00,0.1667
Setwise-Qwen3-8B-Think-DCG,posthoc,setwise Qwen3-8B DCG,0.4286,0.3333,0.3846,0.6726,0.2509,0.098,0.2394,0.1316,26,14,12,2026-03-06T17:40:29.484897+00:00,0.0725
Setwise-Qwen3-8B-Think-MRR,posthoc,setwise Qwen3-8B MRR,0.4286,0.3333,0.3846,0.6845,0.2581,0.087,0.2339,0.141,26,14,12,2026-03-06T17:40:32.782246+00:00,0.152
Setwise-Qwen3-8B-Think-Majority@k,posthoc,setwise Qwen3-8B Majority@k,0.3571,0.1667,0.2692,0.6905,0.2906,0.0896,0.2557,0.1066,26,14,12,2026-03-06T17:40:36.036262+00:00,0.1667
Setwise-Qwen3-14B-Think-DCG,posthoc,setwise Qwen3-14B DCG,0.4286,0.3333,0.3846,0.8155,0.3943,0.0094,0.4296,0.0051,26,14,12,2026-03-06T21:23:05.020989+00:00,0.058
Setwise-Qwen3-14B-Think-MRR,posthoc,setwise Qwen3-14B MRR,0.4286,0.3333,0.3846,0.8274,0.405,0.007,0.4513,0.0031,26,14,12,2026-03-06T21:23:07.536710+00:00,0.1296
Setwise-Qwen3-14B-Think-Majority@k,posthoc,setwise Qwen3-14B Majority@k,0.5714,0.5833,0.5769,0.8482,0.625,0.0002,0.562,0.0001,26,14,12,2026-03-06T21:23:09.828279+00:00,0.375
Pointwise-Qwen3-Reranker-4B-DCG,posthoc,pointwise Qwen3-Reranker-4B DCG,0.6429,0.25,0.4615,0.8393,0.4516,0.003,0.4633,0.0023,26,14,12,2026-03-06T21:30:47.925103+00:00,0.0457
Pointwise-Qwen3-Reranker-4B-MRR,posthoc,pointwise Qwen3-Reranker-4B MRR,0.6429,0.25,0.4615,0.8452,0.4578,0.0026,0.4651,0.0022,26,14,12,2026-03-06T21:30:50.374997+00:00,0.1015
Pointwise-Qwen3-Reranker-4B-Majority@k,posthoc,pointwise Qwen3-Reranker-4B Majority@k,0.0,0.0,0.0,0.747,0.5421,0.0026,0.4939,0.0012,26,14,12,2026-03-06T21:30:53.748071+00:00,0.5
Pointwise-Qwen3-Reranker-8B-DCG,posthoc,pointwise Qwen3-Reranker-8B DCG,0.7143,0.5,0.6154,0.9554,0.5978,0.0002,0.5311,0.0004,26,14,12,2026-03-06T21:46:17.891496+00:00,0.0541
Pointwise-Qwen3-Reranker-8B-MRR,posthoc,pointwise Qwen3-Reranker-8B MRR,0.7143,0.5,0.6154,0.9554,0.605,0.0002,0.5351,0.0003,26,14,12,2026-03-06T21:46:20.236417+00:00,0.1205
Pointwise-Qwen3-Reranker-8B-Majority@k,posthoc,pointwise Qwen3-Reranker-8B Majority@k,0.6429,0.4167,0.5385,0.75,0.6,0.0014,0.479,0.0023,26,14,12,2026-03-06T21:46:22.213985+00:00,0.3333
SC-Pairwise-Qwen3-8B-DCG,posthoc-sc,SC pairwise Qwen3-8B DCG,0.3571,0.5833,0.4615,0.7976,0.405,0.006,0.4225,0.0059,26,14,12,2026-03-06T21:54:19.208806+00:00,0.0287
SC-Pairwise-Qwen3-8B-MRR,posthoc-sc,SC pairwise Qwen3-8B MRR,0.3571,0.5833,0.4615,0.7976,0.4014,0.0068,0.4173,0.0066,26,14,12,2026-03-06T21:54:21.429090+00:00,0.0596
SC-Pairwise-Qwen3-8B-Majority@k,posthoc-sc,SC pairwise Qwen3-8B Majority@k,0.2143,0.5833,0.3846,0.7083,0.3234,0.04,0.3364,0.0315,26,14,12,2026-03-06T21:54:23.658881+00:00,0.145
SC-Setwise-Qwen3-8B-DCG,posthoc-sc,SC setwise Qwen3-8B DCG,0.5,0.6667,0.5769,0.9107,0.5914,0.0002,0.6128,0.0,26,14,12,2026-03-06T22:02:46.332541+00:00,0.0618
SC-Setwise-Qwen3-8B-MRR,posthoc-sc,SC setwise Qwen3-8B MRR,0.5,0.6667,0.5769,0.9048,0.5986,0.0002,0.6182,0.0,26,14,12,2026-03-06T22:02:48.688776+00:00,0.1193
SC-Setwise-Qwen3-8B-Majority@k,posthoc-sc,SC setwise Qwen3-8B Majority@k,0.5714,0.6667,0.6154,0.9196,0.6466,0.0002,0.6637,0.0,26,14,12,2026-03-06T22:02:51.161113+00:00,0.21
SC-Setwise-Qwen3-14B-DCG,posthoc-sc,SC setwise Qwen3-14B DCG,0.4286,0.5833,0.5,0.8869,0.4839,0.0014,0.5047,0.0008,26,14,12,2026-03-06T22:17:02.108187+00:00,0.0704
SC-Setwise-Qwen3-14B-MRR,posthoc-sc,SC setwise Qwen3-14B MRR,0.4286,0.5833,0.5,0.8929,0.5054,0.0004,0.5255,0.0004,26,14,12,2026-03-06T22:17:05.329475+00:00,0.1344
SC-Setwise-Qwen3-14B-Majority@k,posthoc-sc,SC setwise Qwen3-14B Majority@k,0.5714,0.5,0.5385,0.8631,0.621,0.0002,0.608,0.0,26,14,12,2026-03-06T22:17:08.517812+00:00,0.2083
Pairwise-Llama-8B-DCG,posthoc,pairwise Llama-3.1-8B-Instruct DCG,0.1429,0.8333,0.4615,0.4821,-0.0422,0.7826,0.0136,0.9327,26,14,12,2026-03-07T13:05:34.289637+00:00,0.0176
Pairwise-Llama-8B-MRR,posthoc,pairwise Llama-3.1-8B-Instruct MRR,0.1429,0.8333,0.4615,0.5089,-0.0166,0.9186,0.0359,0.8234,26,14,12,2026-03-07T13:05:36.887164+00:00,0.0309
Pairwise-Llama-8B-Majority@k,posthoc,pairwise Llama-3.1-8B-Instruct Majority@k,0.0714,0.5833,0.3077,0.4673,-0.0847,0.6817,-0.0115,0.9432,26,14,12,2026-03-07T13:05:39.854251+00:00,0.125
Pairwise-Mistral-7B-DCG,posthoc,pairwise Mistral-7B-Instruct-v0.3 DCG,0.1429,0.8333,0.4615,0.4821,-0.0422,0.7826,0.0136,0.9327,26,14,12,2026-03-07T13:08:58.366787+00:00,0.0176
Pairwise-Mistral-7B-MRR,posthoc,pairwise Mistral-7B-Instruct-v0.3 MRR,0.1429,0.8333,0.4615,0.5089,-0.0166,0.9186,0.0359,0.8234,26,14,12,2026-03-07T13:09:00.670359+00:00,0.0309
Pairwise-Mistral-7B-Majority@k,posthoc,pairwise Mistral-7B-Instruct-v0.3 Majority@k,0.0714,0.5833,0.3077,0.4673,-0.0847,0.6817,-0.0115,0.9432,26,14,12,2026-03-07T13:09:02.981410+00:00,0.125
Setwise-Mistral-7B-DCG,posthoc,setwise Mistral-7B-Instruct-v0.3 DCG,0.2857,0.5,0.3846,0.8571,0.4444,0.0032,0.4181,0.0065,26,14,12,2026-03-07T13:14:34.223915+00:00,0.0592
Setwise-Mistral-7B-MRR,posthoc,setwise Mistral-7B-Instruct-v0.3 MRR,0.2857,0.5,0.3846,0.8452,0.4337,0.0038,0.4132,0.0073,26,14,12,2026-03-07T13:14:36.610717+00:00,0.1216
Setwise-Mistral-7B-Majority@k,posthoc,setwise Mistral-7B-Instruct-v0.3 Majority@k,0.3571,0.5,0.4231,0.7649,0.6172,0.0008,0.5719,0.0001,26,14,12,2026-03-07T13:14:38.840959+00:00,0.1667
Pairwise-RankZephyr-7B-DCG,posthoc,pairwise rank_zephyr_7b_v1_full DCG,0.1429,0.8333,0.4615,0.4821,-0.0422,0.7826,0.0136,0.9327,26,14,12,2026-03-07T13:47:05.107284+00:00,0.0176
Pairwise-RankZephyr-7B-MRR,posthoc,pairwise rank_zephyr_7b_v1_full MRR,0.1429,0.8333,0.4615,0.5089,-0.0166,0.9186,0.0359,0.8234,26,14,12,2026-03-07T13:47:07.496717+00:00,0.0309
Pairwise-RankZephyr-7B-Majority@k,posthoc,pairwise rank_zephyr_7b_v1_full Majority@k,0.0714,0.5833,0.3077,0.4673,-0.0847,0.6817,-0.0115,0.9432,26,14,12,2026-03-07T13:47:09.812472+00:00,0.125
Setwise-RankZephyr-7B-DCG,posthoc,setwise rank_zephyr_7b_v1_full DCG,0.1429,0.8333,0.4615,0.4821,-0.0422,0.7826,0.0136,0.9327,26,14,12,2026-03-07T13:55:00.484488+00:00,0.0176
Setwise-RankZephyr-7B-MRR,posthoc,setwise rank_zephyr_7b_v1_full MRR,0.1429,0.8333,0.4615,0.5089,-0.0166,0.9186,0.0359,0.8234,26,14,12,2026-03-07T13:55:03.281786+00:00,0.0309
Setwise-RankZephyr-7B-Majority@k,posthoc,setwise rank_zephyr_7b_v1_full Majority@k,0.0714,0.5833,0.3077,0.4673,-0.0847,0.6817,-0.0115,0.9432,26,14,12,2026-03-07T13:55:05.764008+00:00,0.125
SC-Setwise-Qwen3-8B-Think-DCG,posthoc-sc,SC setwise Qwen3-8B DCG,0.4286,0.5,0.4615,0.756,0.3297,0.03,0.3517,0.0241,26,14,12,2026-03-07T14:43:39.300767+00:00,0.0301
SC-Setwise-Qwen3-8B-Think-MRR,posthoc-sc,SC setwise Qwen3-8B MRR,0.3571,0.4167,0.3846,0.75,0.3226,0.0324,0.3309,0.0346,26,14,12,2026-03-07T14:43:43.016467+00:00,0.0615
SC-Setwise-Qwen3-8B-Think-Majority@k,posthoc-sc,SC setwise Qwen3-8B Majority@k,0.2857,0.5833,0.4231,0.744,0.342,0.0246,0.3206,0.041,26,14,12,2026-03-07T14:43:46.036627+00:00,0.0867
Setwise-Llama-8B-DCG,posthoc,setwise Llama-3.1-8B-Instruct DCG,0.3571,0.25,0.3077,0.7024,0.2437,0.0994,0.2866,0.0693,26,14,12,2026-03-07T15:05:48.836564+00:00,0.0865
Setwise-Llama-8B-MRR,posthoc,setwise Llama-3.1-8B-Instruct MRR,0.3571,0.25,0.3077,0.7143,0.2473,0.0918,0.2899,0.066,26,14,12,2026-03-07T15:05:52.173247+00:00,0.1783
Setwise-Llama-8B-Majority@k,posthoc,setwise Llama-3.1-8B-Instruct Majority@k,0.2857,0.5,0.3846,0.7232,0.3319,0.0508,0.3063,0.0514,26,14,12,2026-03-07T15:05:55.171608+00:00,0.1667
SC-Pairwise-Llama-8B-DCG,posthoc-sc,SC pairwise Llama-3.1-8B-Instruct DCG,0.1429,0.8333,0.4615,0.4821,-0.0422,0.7826,0.0136,0.9327,26,14,12,2026-03-07T15:13:05.559348+00:00,0.0176
SC-Pairwise-Llama-8B-MRR,posthoc-sc,SC pairwise Llama-3.1-8B-Instruct MRR,0.1429,0.8333,0.4615,0.5089,-0.0166,0.9186,0.0359,0.8234,26,14,12,2026-03-07T15:13:07.964298+00:00,0.0309
SC-Pairwise-Llama-8B-Majority@k,posthoc-sc,SC pairwise Llama-3.1-8B-Instruct Majority@k,0.0714,0.5833,0.3077,0.4673,-0.0847,0.6817,-0.0115,0.9432,26,14,12,2026-03-07T15:13:10.327001+00:00,0.125
SC-Setwise-Llama-8B-DCG,posthoc-sc,SC setwise Llama-3.1-8B-Instruct DCG,0.3571,0.5833,0.4615,0.7917,0.4122,0.0048,0.4177,0.0066,26,14,12,2026-03-07T15:21:57.768818+00:00,0.0629
SC-Setwise-Llama-8B-MRR,posthoc-sc,SC setwise Llama-3.1-8B-Instruct MRR,0.5,0.5,0.5,0.7976,0.4229,0.0036,0.431,0.0049,26,14,12,2026-03-07T15:22:00.335191+00:00,0.1182
SC-Setwise-Llama-8B-Majority@k,posthoc-sc,SC setwise Llama-3.1-8B-Instruct Majority@k,0.5714,0.5833,0.5769,0.8065,0.4873,0.0018,0.4669,0.0021,26,14,12,2026-03-07T15:22:02.781889+00:00,0.1667
SC-Pairwise-Mistral-7B-DCG,posthoc-sc,SC pairwise Mistral-7B-Instruct-v0.3 DCG,0.1429,0.8333,0.4615,0.4821,-0.0422,0.7826,0.0136,0.9327,26,14,12,2026-03-07T15:28:34.167307+00:00,0.0176
SC-Pairwise-Mistral-7B-MRR,posthoc-sc,SC pairwise Mistral-7B-Instruct-v0.3 MRR,0.1429,0.8333,0.4615,0.5089,-0.0166,0.9186,0.0359,0.8234,26,14,12,2026-03-07T15:28:36.524193+00:00,0.0309
SC-Pairwise-Mistral-7B-Majority@k,posthoc-sc,SC pairwise Mistral-7B-Instruct-v0.3 Majority@k,0.0714,0.5833,0.3077,0.4673,-0.0847,0.6817,-0.0115,0.9432,26,14,12,2026-03-07T15:28:38.941829+00:00,0.125
SC-Setwise-Mistral-7B-DCG,posthoc-sc,SC setwise Mistral-7B-Instruct-v0.3 DCG,0.5,0.4167,0.4615,0.881,0.5269,0.0002,0.5438,0.0002,26,14,12,2026-03-07T15:41:28.350202+00:00,0.0374
SC-Setwise-Mistral-7B-MRR,posthoc-sc,SC setwise Mistral-7B-Instruct-v0.3 MRR,0.5,0.5,0.5,0.8988,0.5448,0.0002,0.5665,0.0001,26,14,12,2026-03-07T15:41:30.723692+00:00,0.0669
SC-Setwise-Mistral-7B-Majority@k,posthoc-sc,SC setwise Mistral-7B-Instruct-v0.3 Majority@k,0.4286,0.6667,0.5385,0.8601,0.5642,0.0002,0.6017,0.0,26,14,12,2026-03-07T15:41:33.211764+00:00,0.11
SC-Setwise-Qwen3-14B-Think-DCG,posthoc-sc,SC setwise Qwen3-14B DCG,0.5,0.5833,0.5385,0.8274,0.4229,0.0046,0.4585,0.0026,26,14,12,2026-03-08T09:39:48.880500+00:00,0.0705
SC-Setwise-Qwen3-14B-Think-MRR,posthoc-sc,SC setwise Qwen3-14B MRR,0.5,0.5833,0.5385,0.8393,0.4552,0.0026,0.4867,0.0013,26,14,12,2026-03-08T09:39:51.928967+00:00,0.1324
SC-Setwise-Qwen3-14B-Think-Majority@k,posthoc-sc,SC setwise Qwen3-14B Majority@k,0.5714,0.5833,0.5769,0.8333,0.545,0.0002,0.5468,0.0002,26,14,12,2026-03-08T09:39:54.846923+00:00,0.2333
